korean_title,title,year,country,length,genre,like,director,company
메멘토,Memento,2000,미국,장편,스릴러,0,크리스토퍼 놀란,
해리포터와 아즈카반의 죄수,Harry Potter And The Prisoner Of Azkaban,2004,미국,장편,드라마,1,알폰소 쿠아론,워너브러더스사㈜
인디펜던스 데이,Independence Day,2017,한국,단편,드라마,1,김래원,
러브 액츄얼리,Love Actually,2003,미국,장편,드라마,1,리차드 커티스,
러브레터,Love Letter,1995,일본,장편,드라마,1,이와이 슌지,후지텔레비젼네트웍
접속,The Contact,1997,한국,장편,드라마,1,장윤현,(주)명필름
초속5센티미터,5Cm Per Seconds,2007,일본,장편,애니메이션,1,신카이 마코토,
구름의 저편 약속의 장소,The place Promised in Our Early Days,2004,일본,장편,애니메이션,1,신카이 마코토,
YMCA야구단,YMCA Baseball Team,2002,한국,장편,코미디,1,김현석,(주)명필름
고고다이노 공룡탐험대 전설의 공룡을 찾아서 ,,2019,한국,장편,애니메이션,1,,
안녕 티라노: 영원히 함께,My TYRANO: Together Forever,2019,한국,장편,애니메이션,1,시즈노 코분,(주)미디어캐슬
터미네이터2 3D,Terminator II,1991,미국,장편,액션,1,제임스 카메론,
장화 홍련,A Tale Of Two Sisters,2003,한국,장편,공포,0,김지운,(주)마술피리
매트릭스 ,The Matrix,1999,미국,장편,액션,1,워쇼스키,워너 브러더스 픽쳐스
태권동자 마루치 아라치,Taekwon Youngster Maruchi-Arachi,1977,한국,장편,애니메이션,1,임정규,(주)삼도필림
로보트 태권 V,Robot Taekwon V,1976,한국,장편,애니메이션,1,김청기,서울동화
뽀롱뽀롱 뽀로로,Pororo The Little Penguin,2019,한국,장편,애니메이션,1,신창환,
달마가 동쪽으로 간 까닭은?,Why Has Bodhi-Dharma Left for the East?,1989,한국,장편,드라마,1,배용균,배용균프로덕션
살인의 추억,Memories of Murder,2003,한국,장편,스릴러,1,봉준호,(주)싸이더스
커런트 워,The Current War,2017,미국,장편,드라마,1,알폰소 고메즈-레존,
명탐정 코난: 감청의 권,Detective Conan: The Fist of Blue Sapphire,2019,일본,장편,애니메이션,1,나가오카 치카,
스타워즈,Star Wars,1977,미국,장편,액션,1,조지 루카스,루카스필름
웰컴 투 동막골,Welcome To Dongmakgol,2005,한국,장편,드라마,1,박광현,필름있수다
공동경비구역 JSA,Joint Security Area /JSA,2000,한국,장편,드라마,1,박찬욱,(주)명필름
쉬리,Swiri,1999,한국,장편,액션,1,강제규,강제규필름
어글리 돌,UglyDolls ,2019,미국,장편,애니메이션,1,캘리 애스버리,
스파이더맨: 파 프롬 홈,Spider-Man: Far From Home,2019,미국,장편,액션,1,존 왓츠,
알라딘,Aladdin,1992,미국,장편,애니메이션,1,데이빗 드웨이티스,
극장판 헬로카봇 : 백악기 시대,Hello Carbot the Movie: The Cretaceous Period,2018,한국,장편,애니메이션,1,최신규,(주)초이락컨텐츠팩토리
토이 스토리 4,Toy Story 4,2018,미국,장편,애니메이션,1,조시 쿨리,
마녀배달부 키키,Kiki's Delivery Service,1989,일본,장편,애니메이션,1,미야자키 하야오,스튜디오 지브리
마누라 죽이기,How To Top My Wife,1994,한국,장편,폭력,0,강우석,(주)강우석 프로덕션
이웃집 토토로,My Neighbor Totoro,1988,일본,장편,애니메이션,1,미야자키 하야오,
맨 인 블랙: 인터내셔널,Men in Black: International,2019,미국,장편,액션,1,F. 게리 그레이,
뽀로로 극장판 슈퍼썰매 대모험,Pororo: The Racing Adventure,2012,한국,장편,애니메이션,1,박영균,(주)오콘
알라딘,Aladdin,2018,미국,장편,가족,1,가이 리치,
노팅 힐,Notting Hill,1999,미국,장편,로맨스,1,로저 미첼,폴리그램 필름드 엔터테인먼트
명탐정 피카츄,Pokemon Detective Pikachu,2019,미국,장편,어드벤처,0,롭 레터맨,
어벤져스: 엔드게임,Avengers: Endgame,2018,미국,장편,액션,1,안소니 루소,
캡틴 마블,Captain Marvel,2018,미국,장편,액션,1,애너 보든,
피아노 치는 대통령,The Romantic President,2002,한국,장편,멜로,0,전만배,시네윌(주)
백야 ,White Night,1985,미국,장편,드라마,1,테일러 핵포드,콜럼비아 픽쳐스 코포레이션
해리포터와 비밀의 방,Harry Potter And The Chamber Of Secrets,2002,미국,장편,드라마,1,크리스 콜럼버스,
선생 김봉두,My Teacher Mr. Kim,2003,한국,장편,학교,0,장규성,좋은영화
명탐정 코난:전율의 악보,Detective Conan: Full Score of Fear,2008,일본,장편,애니메이션,1,야마모토 야스이치로,
레고 무비2,The Lego Movie 2: The Second Part,2019,미국,장편,애니메이션,1,마이크 미첼,
드래곤 길들이기 3,How to Train Your Dragon 3,2018,미국,장편,애니메이션,1,딘 데블로이스,
범블비,Bumblebee,2018,미국,장편,액션,1,트래비스 나이트,
주먹왕 랄프 2: 인터넷 속으로,Ralph Breaks the Internet,2018,미국,장편,애니메이션,1,리치 무어,
아가씨(확장판),The Handmaiden,2016,한국,장편,스릴러,0,박찬욱,
데드풀 2: 순한맛,ONCE UPON A DEADPOOL,2018,미국,장편,액션,1,데이빗 레이치,
대한민국 헌법 제1조,The First Amendment,2003,한국,장편,코미디,0,송경식,한맥영화(주)
트루먼 쇼,The Truman Show,1998,미국,장편,드라마,1,피터 위어,파라마운트 픽쳐스
신비한 동물들과 그린델왈드의 범죄,Fantastic Beasts: The Crimes of Grindelwald,2018,미국,장편,판타지,1,데이빗 예이츠,
구스범스: 몬스터의 역습,Goosebumps 2: Haunted Halloween,2018,미국,장편,스릴러,0,아리 산델,
명탐정 코난 : 제로의 집행인,Detective Conan: Zero the Enforcer,2018,일본,장편,애니메이션,1,타치카와 유즈루,
해리포터와 마법사의 돌,Harry Potter And The Socrerers Stone,2001,미국,장편,가족,1,크리스 콜럼버스,
시민 케인,Citizen Kane,1941,미국,장편,미스터리,0,오손 웰즈,
신비아파트: 금빛 도깨비와 비밀의 동굴,The Haunted House: The Secret of the Cave,2018,한국,장편,애니메이션,1,김병갑,씨제이이앤엠(주)
빽 투 더 퓨쳐,Back To The Future,1985,미국,장편,SF,1,로버트 저메키스,엠블린엔터테인먼트
부산행,TRAIN TO BUSAN,2016,한국,장편,스릴러,0,연상호,(주)영화사레드피터
아가씨,The Handmaiden,2016,한국,장편,스릴러,0,박찬욱,유한회사 아가씨에프에스
A.I.,A.I.,2001,미국,장편,SF,1,스티븐 스필버그,
맘마미아!,Mamma Mia!,2008,미국,장편,로맨스,1,필리다 로이드,
블레이드 2,Blade 2,2002,미국,장편,액션,1,길예르모 델 토로,
그래비티,Gravity,2013,미국,장편,SF,1,알폰소 쿠아론,
탑건,Top Gun,1986,미국,장편,액션,1,토니 스콧,
아바타,Avatar,2009,미국,장편,액션,1,제임스 카메론,이십세기폭스필름코퍼레이션
중2병이라도 사랑이 하고 싶어! 테이크 온 미,Take On Me,2018,일본,장편,애니메이션,1,이시하라 타츠야,
인크레더블 2,INCREDIBLES 2,2018,미국,장편,애니메이션,1,브래드 버드,
인크레더블,The Incredibles,2004,미국,장편,애니메이션,1,브래드 버드,월트 디즈니 픽쳐스
레옹 ,Leon,1994,프랑스,장편,액션,1,뤽 베송,고몽
밤은 짧아 걸어 아가씨야,NIGHT IS SHORT WALK ON GIRL,2017,일본,장편,애니메이션,1,유아사 마사아키,
언더 씨즈,Under Siege,1992,미국,장편,액션,1,앤드류 데이비스,
언더 씨즈 2 ,Under Siege 2,1995,미국,장편,액션,1,제프 머피,리젠시 엔터프라이즈
명탐정 코난: 순흑의 악몽,Detective Conan : The Darkest Nightmare,2016,일본,장편,애니메이션,1,시즈노 코분,
쥬라기 월드: 폴른 킹덤,JURASSIC WORLD: FALLEN KINGDOM,2018,미국,장편,액션,1,후안 안토니오 바요나,
코코,COCO,2017,미국,장편,애니메이션,1,리 언크리치,
아이스 에이지,Ice Age,2002,미국,장편,애니메이션,1,카를로스 살다나,
데드풀 2,DEADPOOL 2,2018,미국,장편,액션,1,데이빗 레이치,
어벤져스: 인피니티 워,Avengers: Infinity War,2018,미국,장편,액션,1,안소니 루소
에너미 오브 스테이트,Enemy Of The State,1998,미국,장편,액션,1,토니 스콧,제리부룩하이머필름
라스트 사무라이,The Last Samurai,2003,미국,장편,액션,1,에드워드 즈윅,
퍼시픽 림: 업라이징,Pacific Rim: Uprising,2018,미국,장편,액션,1,스티븐 S. 드나이트,
툼레이더,TOMB RAIDER,2018,미국,장편,액션,1,로아 우타우,
신과함께-죄와 벌,Along with the Gods: The Two Worlds,2017,한국,장편,드라마,1,김용화,리얼라이즈픽쳐스(주)
킹스맨: 골든 서클,Kingsman: The Golden Circle,2017,미국,장편,액션,1,매튜 본,
월ㆍE,Wallㆍe,2008,미국,장편,애니메이션,1,앤드류 스탠튼,
타이타닉,Titanic,1997,미국,장편,드라마,1,제임스 카메론,파라마운트 픽쳐스
쏘아올린 불꽃 밑에서 볼까? 옆에서 볼까?,Fireworks Should We See it from the Side or the Bottom?,2017,일본,장편,애니메이션,1,신보 아키유키,
너의 이름은.,your name.,2016,일본,장편,애니메이션,1,신카이 마코토,
사랑과 영혼,Ghost,1990,미국,장편,드라마,1,제리 주커,파라마운트 픽쳐스
왓 위민 원트,What Women Want,2000,영국,장편,코미디,1,낸시 마이어스,
스타워즈: 라스트 제다이,Star Wars: The Last Jedi,2017,미국,장편,액션,1,라이언 존슨,
월터의 상상은 현실이 된다,The Secret Life of Walter Mitty,2013,미국,장편,코미디,1,벤 스틸러,
포레스트 검프,Forrest Gump,1994,미국,장편,드라마,1,로버트 저메키스,파라마운트 픽쳐스
양철북 : 무삭제 감독판,The Tin Drum,1979,독일,장편,전쟁,0,폴커 슐렌도르프,
양철북,The Tin Drum,1979,독일,장편,전쟁,0,폴커 슐렌도르프,
공각기동대,GHOST IN THE SHELL,1995,일본,장편,SF,1,오시이 마모루,
넛잡 2,The Nut Job 2: Nutty by Nature,2017,한국,장편,애니메이션,1,캘런 브런커,(주)레드로버
토이 스토리 3,Toy Story 3,2010,미국,장편,가족,1,리 언크리치,픽사 애니메이션 스튜디오
몬스터 대학교,Monsters University,2013,미국,장편,애니메이션,1,댄 스캔론,
니모를 찾아서,Finding Nemo,2003,미국,장편,애니메이션,1,앤드류 스탠튼,월트디즈니코리아㈜
토이 스토리 2,Toy Story 2,1999,미국,장편,애니메이션,1,존 라세터,픽사 애니메이션 스튜디오
주먹왕 랄프,Wreck-It Ralph,2012,미국,장편,애니메이션,1,리치 무어,
라따뚜이,Ratatouille,2007,미국,장편,애니메이션,1,브래드 버드,픽사 애니메이션 스튜디오
업,Up,2008,미국,장편,애니메이션,1,피트 닥터,월트 디즈니 픽쳐스
라푼젤,Tangled,2010,미국,장편,애니메이션,1,네이슨 그레노,
몬스터 주식회사,Monsters.Inc,2001,미국,장편,애니메이션,1,피터 닥터,월트디즈니
미녀와 야수,Beauty and the Beast,1991,미국,장편,애니메이션,1,게리 트러스데일,월트디즈니
뮬란,Mulan,1998,미국,장편,애니메이션,1,베리 쿡,월트디즈니
라이온 킹,The Lion King,1994,미국,장편,애니메이션,1,로저 알러스,월트디즈니
인어공주 ,The Little Mermaid,1989,미국,장편,애니메이션,1,존 머스커,월트디즈니
환타지아2000,Fantasia2000,2000,미국,장편,애니메이션,1,제임스 알거,월트 디즈니 픽쳐스
토르: 라그나로크,THOR: RAGNAROK,2017,미국,장편,액션,1,타이카 와이티티,
블레이드 러너 2049,Blade Runner 2049,2017,미국,장편,SF,0,드니 빌뇌브,
벤자민 버튼의 시간은 거꾸로 간다,The Curious Case Of Benjamin Button,2008,미국,장편,드라마,1,데이빗 핀처,파라마운트 픽쳐스
원스,Once,2006,아일랜드,장편,드라마,0,존 카니,
바람과 함께 사라지다,Gone With The Wind,1939,미국,장편,전쟁,0,빅터 플레밍,메트로-골드윈-마이어
악마는 프라다를 입는다,The Devil Wears Prada,2006,미국,장편,드라마,0,데이빗 프랭클,
스파이더맨: 홈 커밍,Spider-Man: Homecoming,2017,미국,장편,액션,1,존 왓츠,
바다 탐험대 옥토넛 시즌4: 바다 괴물 대소동,OCTONAUTS Season4,2016,영국,장편,애니메이션,1,다라 오코넬,
바다 탐험대 옥토넛 시즌4: 늪지탐험선K,OCTONAUTS Season4,2016,영국,장편,애니메이션,1,다라 오코넬,
바다 탐험대 옥토넛 시즌4: 빙하탐험선S,OCTONAUTS Season4: GUP-S,2015,영국,장편,애니메이션,1,다라 오코넬,
바다 탐험대 옥토넛 시즌4: 아슬아슬 구조대작전,OCTONAUTS Season4,2016,영국,장편,애니메이션,1,다라 오코넬,
카3: 새로운 도전,Cars3 ,2017,미국,장편,애니메이션,1,브라이언 피,
스캔들-조선남녀상열지사,Untold Scandal,2003,한국,장편,사극,0,이재용,(주)영화사봄
트랜스포머: 최후의 기사,TRANSFORMERS: THE LAST KNIGHT,2016,미국,장편,액션,1,마이클 베이,
세상의 중심에서 사랑을 외치다,Crying Out Love In The Center Of The World,2004,일본,장편,로맨스,1,유키사다 이사오,도호쿠신샤
캐리비안의 해적: 죽은 자는 말이 없다,Pirates of the Caribbean: Dead Men Tell No,2017,미국,장편,액션,1,요아킴 뢰닝,
가디언즈 오브 갤럭시 VOL. 2,Guardians of the Galaxy VOL. 2,2017,미국,장편,액션,1,제임스 건,
공각기동대 신극장판,GHOST IN THE SHELL THE NEW MOVIE,2015,일본,장편,애니메이션,1,노무라 카즈야,
시간을 달리는 소녀,The Girl Who Leapt Through Time,2010,일본,장편,드라마,1,타니구치 마사키,
공각기동대 : 고스트 인 더 쉘,Ghost In The Shell,2016,미국,장편,SF,1,루퍼트 샌더스,
델마와 루이스 ,Thelma and Louise,1991,미국,장편,폭력,0,리들리 스콧,메트로-골드윈-마이어
데스노트,Death Note,2006,일본,장편,스릴러,0,카네코 슈스케,
히든 피겨스,Hidden Figures,2016,미국,장편,드라마,1,데오도르 멜피,
명탐정 코난: 에피소드 원-작아진 명탐정,DETECTIVE CONAN: Episode ONE,2016,일본,장편,애니메이션,1,야마모토 야스이치로,
컨택트,Arrival,2016,미국,장편,스릴러,0,드니 빌뇌브,
명탐정 코난 : 이차원의 저격수,Detective Conan : Dimensional Sniper,2014,일본,장편,애니메이션,1,시즈노 코분,
제리 맥과이어,Jerry Maguire,1996,미국,장편,드라마,1,카메론 크로우,트라이스타 픽쳐스
반지의 제왕 : 왕의 귀환 (확장판),The Lord of the Rings: The Return of the King ,2003,뉴질랜드,장편,액션,1,피터 잭슨,
레지던트 이블: 파멸의 날,Resident Evil: The Final Chapter,2016,미국,장편,공포,0,폴 W.S. 앤더슨,
딥워터 호라이즌,Deepwater Horizon,2016,미국,장편,액션,1,피터 버그,
반지의 제왕 : 두개의 탑 (확장판),The Lord Of The Rings : The Two Towers,2002,뉴질랜드,장편,액션,1,피터 잭슨,
반지의 제왕 : 두개의 탑,The Lord Of The Rings : The Two Towers,2002,미국,장편,액션,1,피터 잭슨,
해리가 샐리를 만났을 때,When Harry Met Sally,1988,미국,장편,드라마,1,롭 라이너,캐슬 락 엔터테인먼트
반지의 제왕 : 반지원정대 (확장판),The Lord Of The Rings : The Fellowship Of The Rings,2001,뉴질랜드,장편,액션,1,피터 잭슨,
로그 원: 스타워즈 스토리,ROGUE ONE: A STAR WARS STORY,2016,미국,장편,액션,1,가렛 에드워즈,
반지의 제왕 : 왕의 귀환,The Lord of the Rings: The Return of the King ,2003,미국,장편,어드벤처,1,피터 잭슨,
잉글리쉬 페이션트,The English Patient,1996,미국,장편,드라마,1,안소니 밍겔라,미라맥스 필름즈
반지의 제왕 : 반지원정대,The Lord Of The Rings : The Fellowship Of The Rings,2001,미국,장편,드라마,1,피터 잭슨,
여인의 향기,Scent Of A Woman,1993,미국,장편,드라마,1,마틴 브레스트,유니버셜 픽쳐스
콘스탄틴,Constantine,2005,미국,장편,스릴러,0,프란시스 로렌스,워너 브러더스 픽쳐스
동갑내기 과외하기 레슨 2,My Tutor Friend 2,2007,한국,장편,멜로,0,지길웅,(주)프라임엔터테인먼트
음란서생,Forbidden Quest,2006,한국,장편,사극,0,김대우,(주)영화사비단길
샤크,Shark Tale,2004,미국,장편,애니메이션,1,비키 젠슨,드림웍스 애니메이션
배트맨 비긴즈,Batman Begins,2005,미국,장편,액션,1,크리스토퍼 놀란,워너 브러더스 픽쳐스
귀신이 산다,Ghost House,2004,한국,장편,코미디,1,김상진,(주)시네마서비스
투모로우,The Day After Tomorrow,2004,미국,장편,SF,1,롤랜드 에머리히,센트로폴리스 엔터테인먼트
한반도,Hanbando,2006,한국,장편,드라마,0,강우석,(주)시네마서비스글로벌
아이 로봇,I Robot,2004,미국,장편,SF,1,알렉스 프로야스,이십세기폭스필름코퍼레이션
브리짓 존스의 일기,Bridget Jone`S Diary,2001,미국,장편,로맨스,1,샤론 맥과이어,
브리짓 존스의 베이비,Bridget Jones's Baby,2016,미국,장편,로맨스,1,샤론 맥과이어,
블레이드 3,Blade: Trinity,2004,미국,장편,액션,1,데이빗 S. 고이어,뉴라인 시네마
달마야 놀자,Hi Dharma,2001,한국,장편,코미디,1,박철관,(주)씨네월드
내 생애 가장 아름다운 일주일,All For Love,2005,한국,장편,로맨스,1,민규동,(주)두사부필름
영어완전정복,Please Teach Me English,2003,한국,장편,언어,0,김성수,(주)나비픽처스
슈퍼스타 감사용,Mr. Gam’s Victory,2004,한국,장편,드라마,1,김종현,(주)싸이더스
라이터를 켜라,Break Out,2002,한국,장편,코미디,0,장항준,에이스타스엔터테인먼트(주)
가문의 영광,Marrying the Mafia,2002,한국,장편,폭력,0,정흥순,(주)태원엔터테인먼트
동갑내기 과외하기,My Tutor Friend,2003,한국,장편,코미디,1,김경형,코리아 엔터테인먼트
지구를 지켜라,Save the Green Planet,2003,한국,장편,코미디,0,장준환,(주)싸이더스
브리짓 존스의 일기2 : 열정과 애정,Bridget Jones: The Edge Of Reason,2004,영국,장편,로맨스,1,비번 키드론,워킹 타이틀 필름
닥터 스트레인지,Doctor Strange,2015,미국,장편,액션,1,스콧 데릭슨,
어느 멋진날,One Fine Day,1996,미국,장편,로맨스,1,마이클 호프만,이십세기폭스필름코퍼레이션
해리포터와 죽음의 성물2,Harry Potter and the Deathly Hallows: Part 2,2011,미국,장편,판타지,1,데이빗 예이츠,
해리 포터와 죽음의 성물1,Harry Potter and the Deathly Hallows: Part I,2010,미국,장편,판타지,1,데이빗 예이츠,헤이데이필름
매그니피센트 7,The Magnificent Seven,2016,미국,장편,서부극,0,안톤 후쿠아,
빠삐용,Papillon,1973,미국,장편,드라마,1,프랭크린 J. 샤프너,
아이스 에이지: 지구 대충돌,Ice Age: Collision Course,2016,미국,장편,애니메이션,1,마이크 트메이어,
뽀로로 극장판 컴퓨터 왕국 대모험,Pororo3 :  Cyber Space Adventure,2015,한국,장편,애니메이션,1,박영균,(주)오콘
국가대표,Take Off,2009,한국,장편,드라마,1,김용화,케이엠컬쳐㈜
진격의 거인 파트 2,Atack on Titan: Part2,2015,일본,장편,액션,0,히구치 신지,
앵그리버드 더 무비,The Angry Birds Movie,2016,미국,장편,애니메이션,1,퍼갈 레일리,
처녀들의 저녁식사,Girls' Night Out,1998,한국,장편,멜로,0,임상수,우노필름
향수 : 어느 살인자의 이야기,Perfume: The Story Of A Murderer,2007,영국,장편,스릴러,0,톰 티크베어,
텔미썸딩,Tell Me Something,1999,한국,장편,미스터리,1,장윤현,쿠앤씨필름
진격의 거인 파트1,Attack on Titan: Part1,2015,일본,장편,공포,0,히구치 신지,
캡틴 아메리카: 시빌 워,Captain America: Civil War,2015,미국,장편,액션,1,안소니 루소,
주유소 습격사건,Attack The Gas Station!,1999,한국,장편,코미디,0,김상진,(주)좋은영화
조폭마누라,My Wife Is a Gangster,2001,한국,장편,폭력,0,조진규,(주)현진씨네마
미술관 옆 동물원,Art Museum By The Zoo,1998,한국,장편,드라마,1,이정향,
전우치,Woochi,2009,한국,장편,액션,1,최동훈,영화사 집
마음이 외치고 싶어해,The Anthem of the Heart,2015,일본,장편,애니메이션,1,나가이 타츠유키,
그녀를 믿지 마세요,Too Beautiful to Lie,2004,한국,장편,코미디,1,배형준,㈜영화사시선
주토피아,Zootopia,2015,미국,장편,애니메이션,1,바이론 하워드,
쿵푸팬더3,Kung Fu Panda 3,2015,미국,장편,애니메이션,1,여인영,드림웍스 애니메이션
오! 수정,Virgin Stripped Bare By Her Bachelors,2000,한국,장편,멜로,0,홍상수,미라신코리아(주)
스티브 잡스,Steve Jobs,2015,미국,장편,드라마,1,대니 보일,
빅쇼트,The Big Short,2015,미국,장편,드라마,1,아담 맥케이,
미국 대지진 : 샌 안드레스,San Andreas Quake,2015,미국,장편,액션,1,존 바움가트너,
구스범스,Goosebumps,2015,미국,장편,스릴러,0,롭 레터맨,
쿵푸 팬더,Kung Fu Panda,2008,미국,장편,애니메이션,1,마크 오스본,
굿 다이노,The Good Dinosaur,2015,미국,장편,애니메이션,1,피터 손,
인터스텔라,Interstellar,2014,미국,장편,SF,1,크리스토퍼 놀란,
몬스터 호텔 2,Hotel Transylvania 2,2015,미국,장편,애니메이션,1,젠디 타타코브스키,
몬스터 호텔,HOTEL TRANSYLVANIA,2011,미국,장편,애니메이션,1,젠디 타타코브스키,
러브액츄얼리: 크리스마스 에디션,Love Actually,2003,미국,장편,로맨스,1,리차드 커티스,
하이랜더,Highlander,1986,미국,장편,액션,1,,한진흥업주식회사
진격의 거인: 자유의 날개,Attack on Titan: The Wings of Freedom,2015,일본,장편,애니메이션,1,아라키 테츠로,
